-- phpMyAdmin SQL Dump
-- version 3.2.4
-- http://www.phpmyadmin.net
--
-- 主机: localhost
-- 生成日期: 2015 年 05 月 24 日 15:20
-- 服务器版本: 5.1.44
-- PHP 版本: 5.3.1

SET SQL_MODE="NO_AUTO_VALUE_ON_ZERO";


/*!40101 SET @OLD_CHARACTER_SET_CLIENT=@@CHARACTER_SET_CLIENT */;
/*!40101 SET @OLD_CHARACTER_SET_RESULTS=@@CHARACTER_SET_RESULTS */;
/*!40101 SET @OLD_COLLATION_CONNECTION=@@COLLATION_CONNECTION */;
/*!40101 SET NAMES utf8 */;

--
-- 数据库: `bangyy`
--

-- --------------------------------------------------------

--
-- 表的结构 `ads`
--

CREATE TABLE IF NOT EXISTS `ads` (
  `id` int(11) NOT NULL AUTO_INCREMENT,
  `picture` varchar(266) DEFAULT NULL COMMENT '图片',
  `link` varchar(266) DEFAULT NULL COMMENT '链接',
  `dtime` datetime DEFAULT NULL COMMENT '日期',
  `flag` int(11) DEFAULT NULL COMMENT '状态',
  PRIMARY KEY (`id`)
) ENGINE=MyISAM  DEFAULT CHARSET=utf8 COMMENT='广告' AUTO_INCREMENT=6 ;

--
-- 转存表中的数据 `ads`
--

INSERT INTO `ads` (`id`, `picture`, `link`, `dtime`, `flag`) VALUES
(2, '557_真馨香堂2.jpg', 'http://shop.chayifang.com/article.php?id=22&phone=4001593366', '2015-01-22 15:26:10', 0),
(5, '674_555.jpg', 'http://shop.chayifang.com/article.php?id=26&phone=4001593366', '2015-01-22 15:26:10', 0);

-- --------------------------------------------------------

--
-- 表的结构 `channel`
--

CREATE TABLE IF NOT EXISTS `channel` (
  `id` int(11) NOT NULL AUTO_INCREMENT,
  `name` varchar(255) NOT NULL COMMENT '名称',
  `how` varchar(255) NOT NULL COMMENT '布局类型',
  `menu` varchar(255) NOT NULL COMMENT '菜单组名',
  `picture` varchar(255) NOT NULL COMMENT '图片',
  PRIMARY KEY (`id`)
) ENGINE=MyISAM  DEFAULT CHARSET=utf8 COMMENT='文章分类' AUTO_INCREMENT=8 ;

--
-- 转存表中的数据 `channel`
--

INSERT INTO `channel` (`id`, `name`, `how`, `menu`, `picture`) VALUES
(1, '行业资讯', '大图模式', '内页', '7057_index_01.gif'),
(2, '园区情况', '小图列表', '内页', ''),
(3, '行业资讯2', '大图模式', '内页', '');

-- --------------------------------------------------------

--
-- 表的结构 `layouts`
--

CREATE TABLE IF NOT EXISTS `layouts` (
  `id` int(11) NOT NULL AUTO_INCREMENT,
  `name` varchar(255) CHARACTER SET utf8 DEFAULT NULL COMMENT '名称',
  `layout` text CHARACTER SET utf8 COMMENT '布局',
  `flag` int(11) DEFAULT NULL COMMENT '状态',
  PRIMARY KEY (`id`)
) ENGINE=MyISAM  DEFAULT CHARSET=latin1 COMMENT='布局' AUTO_INCREMENT=4 ;

--
-- 转存表中的数据 `layouts`
--

INSERT INTO `layouts` (`id`, `name`, `layout`, `flag`) VALUES
(1, '首页', '{"行业资讯2":[1,2], "推荐产品":[6,7,8,9]}', 0),
(2, '广告', '{"gszx":[1,1,1,1]}', 0),
(3, '热门商品', '{"rmsp":[13,1,9,3]}', 0);

-- --------------------------------------------------------

--
-- 表的结构 `logs`
--

CREATE TABLE IF NOT EXISTS `logs` (
  `id` int(11) NOT NULL AUTO_INCREMENT,
  `action` varchar(255) NOT NULL COMMENT '动作',
  `phone` varchar(255) DEFAULT NULL COMMENT '电话',
  `referer` varchar(255) DEFAULT NULL COMMENT '推荐者',
  `url` varchar(266) DEFAULT NULL COMMENT '链接',
  `dtime` datetime DEFAULT NULL COMMENT '时间',
  `ip` varchar(255) DEFAULT NULL COMMENT 'IP',
  PRIMARY KEY (`id`)
) ENGINE=MyISAM  DEFAULT CHARSET=latin1 COMMENT='日志' AUTO_INCREMENT=465 ;

--
-- 转存表中的数据 `logs`
--

INSERT INTO `logs` (`id`, `action`, `phone`, `referer`, `url`, `dtime`, `ip`) VALUES
(1, 'login', '13333333333', '15321502666', NULL, '2015-01-15 08:02:21', '::1'),
(2, 'login', '13333333333', '15321502666', NULL, '2015-01-15 08:03:27', '::1'),
(3, 'login', '13333333333', '15321502666', NULL, '2015-01-15 08:04:29', '::1'),
(4, 'login', '13333333333', '15321502666', NULL, '2015-01-15 08:05:53', '::1'),
(5, 'login', '13333333333', '15321502666', NULL, '2015-01-15 08:07:28', '::1'),
(6, 'login', '13333333333', '15321502666', NULL, '2015-01-15 08:08:28', '::1'),
(7, 'login', '13333333333', '15321502666', NULL, '2015-01-15 08:09:21', '::1'),
(8, 'login', '13333334444', '15321502666', NULL, '2015-01-15 08:27:13', '::1'),
(9, 'login', '13333334444', '15321502666', NULL, '2015-01-15 08:27:36', '::1'),
(10, 'exit', '13333334444', '', NULL, '2015-01-15 09:04:14', '::1'),
(11, 'login', '13333333333', '13333334444', NULL, '2015-01-15 09:04:56', '::1'),
(12, 'exit', '13333333333', '', NULL, '2015-01-15 09:10:25', '::1'),
(13, 'reg', '13312341234', '13333333333', NULL, '2015-01-15 09:13:06', '::1'),
(14, 'exit', '13312341234', '', NULL, '2015-01-15 09:13:16', '::1'),
(15, 'reg', '13309870987', '13333333333', NULL, '2015-01-15 09:14:05', '::1'),
(16, 'exit', '13309870987', '', NULL, '2015-01-15 09:28:10', '::1'),
(17, 'login', '13312341234', '13309870987', NULL, '2015-01-15 10:16:30', '::1'),
(18, 'exit', '13312341234', '', NULL, '2015-01-15 10:51:52', '::1'),
(19, 'login', '13333333333', '13312341234', NULL, '2015-01-15 10:57:31', '::1'),
(20, 'reg', '18857505991', '13333333333', NULL, '2015-01-15 13:16:00', '115.224.250.50'),
(21, 'shareApp', '', '18857505991', '/p/chayi/index.php?phone=18857505991', '2015-01-15 13:54:11', '115.224.250.50'),
(22, 'reg', '13793189865', '13333333333', NULL, '2015-01-15 14:04:02', '119.162.128.110'),
(23, 'reg', '13555555555', '13333333333', NULL, '2015-01-15 14:05:26', '119.162.128.110'),
(24, 'exit', '13555555555', '', NULL, '2015-01-15 14:06:27', '119.162.128.110'),
(25, 'reg', '13793189073', '13555555555', NULL, '2015-01-15 14:26:44', '119.162.128.110'),
(26, 'shareApp', '', '13793189073', '/p/chayi/index.php?phone=13793189073', '2015-01-15 14:28:18', '119.162.128.110'),
(27, 'shareApp', '', '13555555555', '/p/chayi/index.php?phone=13555555555', '2015-01-15 14:30:08', '119.162.128.110'),
(28, 'login', '18857505991', '15668488888', NULL, '2015-01-15 18:12:25', '115.224.250.50'),
(29, 'login', '18857505991', '15668488888', NULL, '2015-01-15 18:16:17', '115.224.250.50'),
(30, 'reg', '13793189033', '15668488888', NULL, '2015-01-15 18:31:46', '119.162.128.110'),
(31, 'exit', '13793189033', '', NULL, '2015-01-15 18:32:04', '119.162.128.110'),
(32, 'login', '18857505991', '18857505991', NULL, '2015-01-15 18:58:51', '115.224.250.50'),
(33, 'login', '18857505991', '18857505991', NULL, '2015-01-15 19:03:27', '115.224.250.50'),
(34, 'login', '13793189033', '15668488888', NULL, '2015-01-15 19:09:51', '119.162.128.110'),
(35, 'exit', '13793189033', '', NULL, '2015-01-15 19:39:08', '119.162.128.110'),
(36, 'login', '13793189033', '15668488888', NULL, '2015-01-15 19:39:20', '119.162.128.110'),
(37, 'exit', '13793189033', '', NULL, '2015-01-15 19:39:31', '119.162.128.110'),
(38, 'login', '13793189033', '13793189033', NULL, '2015-01-15 19:47:23', '119.162.128.110'),
(39, 'exit', '13793189033', '', NULL, '2015-01-15 20:12:00', '119.162.128.110'),
(40, 'login', '13793189033', '13793189033', NULL, '2015-01-15 20:12:36', '119.162.128.110'),
(41, 'login', '13793189033', '15668488888', NULL, '2015-01-15 20:14:33', '119.162.128.110'),
(42, 'exit', '13793189033', '', NULL, '2015-01-15 20:18:52', '119.162.128.110'),
(43, 'login', '13793189033', '15668488888', NULL, '2015-01-15 20:46:19', '119.162.128.110'),
(44, 'login', '18857505991', '18857505991', NULL, '2015-01-15 20:49:57', '115.224.250.50'),
(45, 'reg', '18663317200', '15668488888', NULL, '2015-01-15 20:53:19', '58.56.25.230'),
(46, 'login', '18857505991', '18857505991', NULL, '2015-01-15 20:56:35', '115.224.250.50'),
(47, 'exit', '18663317200', '', NULL, '2015-01-15 21:11:23', '58.56.25.230'),
(48, 'login', '18857505991', '15668488888', NULL, '2015-01-15 21:31:19', '115.224.250.50'),
(49, 'login', '13793189033', '15668488888', NULL, '2015-01-15 21:43:12', '119.162.128.110'),
(50, 'reg', '13797210777', '15668488888', NULL, '2015-01-15 22:45:01', '171.112.24.50'),
(51, 'login', '13797210777', '15668488888', NULL, '2015-01-15 23:21:17', '171.112.24.50'),
(52, 'login', '13797210777', '15668488888', NULL, '2015-01-15 23:48:22', '171.112.24.50'),
(53, 'login', '13797210777', '15668488888', NULL, '2015-01-16 00:11:44', '171.112.24.50'),
(54, 'buy', '13333333333', '', 'product.php?id=', '2015-01-16 01:19:26', '115.224.250.50'),
(55, 'buy', '13333333333', '18857505991', 'product.php?id=', '2015-01-16 01:25:40', '115.224.250.50'),
(56, 'login', '13793189033', '15668488888', NULL, '2015-01-16 08:19:13', '60.216.143.7'),
(57, 'buy', '18765265633', '15668488888', 'product.php?id=', '2015-01-16 08:22:42', '60.216.143.7'),
(58, 'login', '18857505991', '15668488888', NULL, '2015-01-16 09:07:47', '115.231.197.54'),
(59, 'login', '13797210777', '15668488888', NULL, '2015-01-16 09:57:37', '171.112.24.50'),
(60, 'login', '18857505991', '15668488888', NULL, '2015-01-16 10:09:34', '36.16.3.187'),
(61, 'exit', '18857505991', '', NULL, '2015-01-16 11:06:27', '115.231.197.54'),
(62, 'login', '13793189033', '4001593366', NULL, '2015-01-16 11:28:12', '112.231.25.38'),
(63, 'login', '13797210777', '4001593366', NULL, '2015-01-16 12:32:06', '171.112.24.50'),
(64, 'exit', '13797210777', '', NULL, '2015-01-16 13:37:56', '171.112.24.50'),
(65, 'login', '13797210777', '4001593366', NULL, '2015-01-16 13:47:57', '171.112.24.50'),
(66, 'login', '13797210777', '4001593366', NULL, '2015-01-16 14:31:25', '171.112.24.50'),
(67, 'login', '13793189033', '4001593366', NULL, '2015-01-16 14:48:38', '112.231.25.38'),
(68, 'login', '13793189033', '13793189033', NULL, '2015-01-16 15:01:13', '112.231.25.38'),
(69, 'exit', '13793189033', '', NULL, '2015-01-16 15:04:18', '112.231.25.38'),
(70, 'login', '18857505991', '4001593366', NULL, '2015-01-16 15:10:59', '115.231.197.54'),
(71, 'login', '13797210777', '4001593366', NULL, '2015-01-16 15:12:49', '171.112.24.50'),
(72, 'shareApp', '', '13797210777', '/p/chayi/index.php?phone=13797210777', '2015-01-16 15:12:58', '171.112.24.50'),
(73, 'login', '13793189033', '4001593366', NULL, '2015-01-16 15:27:52', '112.231.25.38'),
(74, 'shareApp', '', '13797210777', '/p/chayi/index.php?phone=13797210777', '2015-01-16 16:17:43', '117.136.74.136'),
(75, 'login', '13797210777', '13797210777', NULL, '2015-01-16 16:33:46', '117.136.74.136'),
(76, 'login', '13793189033', '4001593366', NULL, '2015-01-16 17:19:45', '112.231.25.38'),
(77, 'exit', '18857505991', '', NULL, '2015-01-16 17:20:46', '115.231.197.54'),
(78, 'login', '18857505991', '18857505991', NULL, '2015-01-16 17:30:42', '115.231.197.54'),
(79, 'login', '18857505991', '4001593366', NULL, '2015-01-16 18:30:48', '115.224.250.50'),
(80, 'exit', '18857505991', '', NULL, '2015-01-16 18:36:07', '115.224.250.50'),
(81, 'exit', '13793189033', '', NULL, '2015-01-16 18:44:46', '112.231.25.38'),
(82, 'login', '13793189033', '4001593366', NULL, '2015-01-16 18:45:13', '112.231.25.38'),
(83, 'login', '13793189033', '4001593366', NULL, '2015-01-16 18:47:11', '112.231.25.38'),
(84, 'shareApp', '', '13793189033', '/p/chayi/index.php?phone=13793189033', '2015-01-16 18:49:12', '112.231.25.38'),
(85, 'shareApp', '', '13793189033', '/p/chayi/member.php?preview=1&phone=13793189033', '2015-01-16 18:51:39', '112.231.25.38'),
(86, 'reg', '13589086100', '13793189033', NULL, '2015-01-16 18:53:31', '112.231.25.38'),
(87, 'login', '18857505991', '4001593366', NULL, '2015-01-16 19:28:34', '115.224.250.50'),
(88, 'login', '13793189033', '4001593366', NULL, '2015-01-16 19:33:06', '112.231.25.38'),
(89, 'shareApp', '', '13793189033', '/p/chayi/member.php?preview=1&phone=13793189033', '2015-01-16 19:36:04', '112.231.25.38'),
(90, 'login', '18857505991', '18857505991', NULL, '2015-01-16 19:55:51', '115.224.250.50'),
(91, 'shareApp', '', '18857505991', '/p/chayi/nlist.php?id=3&phone=18857505991', '2015-01-16 19:57:03', '115.224.250.50'),
(92, 'shareTimeline', '', '18857505991', '/p/chayi/article.php?id=6&phone=18857505991', '2015-01-16 20:01:15', '115.224.250.50'),
(93, 'login', '13797210777', '13797210777', NULL, '2015-01-16 23:45:10', '223.104.20.206'),
(94, 'exit', '13797210777', '', NULL, '2015-01-16 23:47:21', '223.104.20.206'),
(95, 'shareApp', '', '13797210777', '/p/chayi/index.php?phone=13797210777', '2015-01-16 23:49:40', '223.104.20.206'),
(96, 'login', '13797210777', '13797210777', NULL, '2015-01-17 08:18:13', '171.112.24.50'),
(97, 'exit', '13797210777', '', NULL, '2015-01-17 09:43:26', '171.112.24.50'),
(98, 'login', '13797210777', '13797210777', NULL, '2015-01-17 09:43:52', '171.112.24.50'),
(99, 'login', '13797210777', '4001593366', NULL, '2015-01-17 10:34:13', '171.112.24.50'),
(100, 'shareApp', '', '13797210777', '/p/chayi/index.php?phone=13797210777&from=singlemessage&isappinstalled=0', '2015-01-17 12:36:45', '113.57.182.18'),
(101, 'shareApp', '', '13797210777', '/p/chayi/index.php?phone=13797210777', '2015-01-17 12:41:44', '171.112.24.50'),
(102, 'login', '13797210777', '13797210777', NULL, '2015-01-17 13:05:26', '223.104.20.227'),
(103, 'login', '13797210777', '13797210777', NULL, '2015-01-17 13:24:27', '223.104.20.227'),
(104, 'reg', '18727488555', '13797210777', NULL, '2015-01-17 13:48:25', '171.40.184.24'),
(105, 'exit', '18727488555', '', NULL, '2015-01-17 13:53:11', '171.40.184.24'),
(106, 'login', '18727488555', '13797210777', NULL, '2015-01-17 13:53:51', '171.40.184.24'),
(107, 'login', '13797210777', '13797210777', NULL, '2015-01-17 21:14:02', '117.136.74.160'),
(108, 'shareApp', '', '13797210777', '/p/chayi/article.php?id=3&phone=13797210777', '2015-01-18 00:59:03', '223.104.20.205'),
(109, 'login', '13797210777', '13797210777', NULL, '2015-01-18 01:00:19', '223.104.20.205'),
(110, 'shareApp', '', '13797210777', '/p/chayi/index.php?phone=13797210777', '2015-01-18 13:35:37', '117.136.74.190'),
(111, 'login', '13797210777', '13797210777', NULL, '2015-01-18 14:52:25', '117.136.74.190'),
(112, 'shareApp', '', '13797210777', '/p/chayi/plist.php?id=4&phone=13797210777', '2015-01-18 14:54:25', '119.96.174.20'),
(113, 'shareApp', '', '13797210777', '/p/chayi/article.php?id=1&phone=13797210777', '2015-01-18 14:55:46', '119.96.174.20'),
(114, 'shareApp', '', '13797210777', '/p/chayi/index.php?phone=13797210777&from=singlemessage&isappinstalled=0', '2015-01-18 16:08:27', '117.136.74.180'),
(115, 'login', '13793189033', '4001593366', NULL, '2015-01-18 16:23:06', '123.232.187.216'),
(116, 'login', '18857505991', '4001593366', NULL, '2015-01-18 21:21:33', '125.107.100.146'),
(117, 'login', '13793189033', '4001593366', NULL, '2015-01-18 21:45:58', '123.232.187.216'),
(118, 'exit', '13793189033', '', NULL, '2015-01-18 21:46:27', '123.232.187.216'),
(119, 'login', '13793189033', '4001593366', NULL, '2015-01-18 22:11:25', '123.232.187.216'),
(120, 'reg', '15668488747', '4001593366', NULL, '2015-01-18 22:35:25', '123.232.187.216'),
(121, 'login', '13797210777', '13797210777', NULL, '2015-01-19 01:15:14', '171.42.118.207'),
(122, 'exit', '13797210777', '', NULL, '2015-01-19 01:25:23', '171.42.118.207'),
(123, 'login', '13797210777', '4001593366', NULL, '2015-01-19 09:31:28', '171.42.118.207'),
(124, 'login', '13793189033', '4001593366', NULL, '2015-01-19 10:19:45', '60.216.143.86'),
(125, 'login', '18857505991', '13793189033', NULL, '2015-01-19 10:31:08', '115.231.197.54'),
(126, 'reg', '13797210777', '4001593366', NULL, '2015-01-19 10:37:47', '171.42.118.207'),
(127, 'exit', '13797210777', '', NULL, '2015-01-19 11:05:27', '60.216.143.86'),
(128, 'login', '13793189033', '13797210777', NULL, '2015-01-19 11:05:36', '60.216.143.86'),
(129, 'login', '18857505991', '4001593366', NULL, '2015-01-19 11:07:02', '115.231.197.54'),
(130, 'login', '13797210777', '13797210777', NULL, '2015-01-19 11:23:03', '171.42.118.207'),
(131, 'login', '13797210777', '13797210777', NULL, '2015-01-19 12:39:39', '171.42.118.207'),
(132, 'login', '18727488555', '13797210777', NULL, '2015-01-19 14:31:24', '223.104.20.207'),
(133, 'login', '13797210777', '13797210777', NULL, '2015-01-19 14:48:48', '117.136.74.190'),
(134, 'login', '13797210777', '13797210777', NULL, '2015-01-19 15:21:51', '117.136.74.190'),
(135, 'login', '13797210777', '13797210777', NULL, '2015-01-19 16:16:40', '117.136.74.190'),
(136, 'login', '18857505991', '4001593366', NULL, '2015-01-19 22:08:40', '125.107.100.146'),
(137, 'login', '13793189033', '4001593366', NULL, '2015-01-19 22:11:50', '119.162.133.240'),
(138, 'exit', '13793189033', '', NULL, '2015-01-19 22:12:08', '119.162.133.240'),
(139, 'login', '13793189033', '4001593366', NULL, '2015-01-19 22:44:41', '119.162.133.240'),
(140, 'exit', '13793189033', '', NULL, '2015-01-19 22:45:03', '119.162.133.240'),
(141, 'login', '13793189033', '4001593366', NULL, '2015-01-19 22:48:50', '119.162.133.240'),
(142, 'exit', '13793189033', '', NULL, '2015-01-19 22:51:09', '119.162.133.240'),
(143, 'login', '13793189033', '4001593366', NULL, '2015-01-19 22:52:36', '119.162.133.240'),
(144, 'login', '13797210777', '4001593366', NULL, '2015-01-20 08:48:26', '223.104.20.199'),
(145, 'shareApp', '', '13797210777', '/index.php?phone=13797210777', '2015-01-20 08:51:39', '223.104.20.199, 219.133.40.13'),
(146, 'login', '13797210777', '4001593366', NULL, '2015-01-20 09:10:36', '58.55.94.51'),
(147, 'exit', '13797210777', '', NULL, '2015-01-20 09:11:35', '58.55.94.51'),
(148, 'login', '13797210777', '13797210777', NULL, '2015-01-20 09:16:14', '58.55.94.51'),
(149, 'shareApp', '', '13797210777', '/index.php?phone=13797210777', '2015-01-20 10:48:05', '119.96.174.20, 101.226.61.184'),
(150, 'shareApp', '', '13797210777', '/index.php?phone=13797210777', '2015-01-20 10:51:35', '119.96.174.20, 101.226.61.184'),
(151, 'shareApp', '', '13797210777', '/index.php?phone=13797210777', '2015-01-20 10:51:47', '119.96.174.20, 101.226.61.184'),
(152, 'shareApp', '', '13797210777', '/index.php?phone=13797210777', '2015-01-20 10:51:59', '119.96.174.20, 101.226.61.184'),
(153, 'shareApp', '', '13797210777', '/index.php?phone=13797210777', '2015-01-20 10:52:25', '119.96.174.20, 101.226.61.184'),
(154, 'shareApp', '', '13797210777', '/index.php?phone=13797210777', '2015-01-20 10:53:04', '119.96.174.20, 101.226.61.184'),
(155, 'login', '13797210777', '4001593366', NULL, '2015-01-20 11:02:13', '58.55.94.51'),
(156, 'login', '13793189033', '4001593366', NULL, '2015-01-20 13:24:43', '60.217.208.245'),
(157, 'login', '13797210777', '13797210777', NULL, '2015-01-20 13:40:35', '223.104.20.198, 219.133.40.13'),
(158, 'shareApp', '', '13797210777', '/index.php?phone=13797210777&from=singlemessage&isappinstalled=0', '2015-01-20 14:43:21', '113.57.244.174, 101.226.61.184'),
(159, 'exit', '13793189033', '', NULL, '2015-01-20 14:46:36', '60.217.208.245'),
(160, 'shareApp', '', '13797210777', '/index.php?phone=13797210777&from=singlemessage&isappinstalled=0', '2015-01-20 15:41:39', '113.57.244.174, 101.226.61.184'),
(161, 'login', '13797210777', '13797210777', NULL, '2015-01-20 16:24:14', '223.104.20.198, 219.133.40.13'),
(162, 'buy', '13222224444', '4001593366', 'product.php?id=', '2015-01-20 16:27:18', '115.231.197.54'),
(163, 'buy', '13222224444', '4001593366', 'product.php?id=', '2015-01-20 16:31:54', '115.231.197.54'),
(164, 'buy', '13222224444', '4001593366', 'product.php?id=', '2015-01-20 17:33:46', '115.231.197.54'),
(165, 'login', '13797210777', '13797210777', NULL, '2015-01-20 19:05:36', '223.104.20.198'),
(166, 'buy', '13972667222', '13797210777', 'product.php?id=', '2015-01-20 19:23:44', '223.104.20.198, 219.133.40.13'),
(167, 'shareApp', '', '13797210777', '/index.php?phone=13797210777', '2015-01-21 09:13:41', '58.55.94.51, 101.226.114.166'),
(168, 'login', '13797210777', '13797210777', NULL, '2015-01-21 10:06:12', '58.55.94.51, 101.226.114.166'),
(169, 'shareApp', '', '13797210777', '/index.php?phone=13797210777', '2015-01-21 10:07:10', '113.57.182.130, 101.226.61.184'),
(170, 'shareApp', '', '13797210777', '/index.php?phone=13797210777&from=singlemessage&isappinstalled=0', '2015-01-21 10:17:40', '113.57.182.130, 101.226.61.184'),
(171, 'shareApp', '', '13797210777', '/index.php?phone=13797210777', '2015-01-21 11:13:52', '58.55.94.51, 101.226.114.166'),
(172, 'shareApp', '', '13797210777', '/index.php?phone=13797210777&from=singlemessage&isappinstalled=0', '2015-01-21 11:25:26', '113.57.244.170, 101.226.61.184'),
(173, 'shareApp', '', '13797210777', '/index.php?phone=13797210777&from=singlemessage&isappinstalled=0', '2015-01-21 11:25:48', '113.57.244.170, 101.226.61.184'),
(174, 'shareApp', '', '13797210777', '/index.php?phone=13797210777&from=singlemessage&isappinstalled=0', '2015-01-21 11:26:11', '113.57.244.170, 101.226.61.184'),
(175, 'shareApp', '', '13797210777', '/index.php?phone=13797210777&from=singlemessage&isappinstalled=0', '2015-01-21 11:26:28', '113.57.244.170, 101.226.61.184'),
(176, 'shareApp', '', '13797210777', '/index.php?phone=13797210777&from=singlemessage&isappinstalled=0', '2015-01-21 11:27:19', '113.57.244.170, 101.226.61.184'),
(177, 'shareApp', '', '13797210777', '/index.php?phone=13797210777&from=singlemessage&isappinstalled=0', '2015-01-21 11:27:32', '113.57.244.170, 101.226.61.184'),
(178, 'shareApp', '', '13797210777', '/index.php?phone=13797210777&from=singlemessage&isappinstalled=0', '2015-01-21 11:58:11', '113.57.244.170, 101.226.61.184'),
(179, 'buy', '13972667222', '4001593366', 'product.php?id=', '2015-01-21 12:46:20', '58.55.94.51'),
(180, 'login', '13797210777', '13797210777', NULL, '2015-01-21 14:03:37', '58.55.94.51, 101.226.114.166'),
(181, 'login', '13797210777', '13797210777', NULL, '2015-01-21 14:42:22', '58.55.94.51, 101.226.114.166'),
(182, 'login', '13797210777', '4001593366', NULL, '2015-01-21 14:56:52', '58.55.94.51'),
(183, 'shareApp', '', '13797210777', '/index.php?phone=13797210777&from=singlemessage&isappinstalled=0', '2015-01-21 14:58:14', '119.96.174.20'),
(184, 'buy', '13972667222', '13797210777', 'product.php?id=', '2015-01-21 16:42:50', '223.104.20.221, 101.226.114.166'),
(185, 'login', '13797210777', '13797210777', NULL, '2015-01-21 18:15:37', '223.104.20.221, 101.226.114.166'),
(186, 'shareApp', '', '13797210777', '/index.php?phone=13797210777', '2015-01-21 19:09:27', '223.104.20.221, 101.226.114.166'),
(187, 'shareApp', '', '13797210777', '/article.php?id=29&phone=13797210777', '2015-01-21 20:19:12', '223.104.20.221, 101.226.114.166'),
(188, 'login', '13797210777', '13797210777', NULL, '2015-01-21 20:23:08', '223.104.20.221, 101.226.114.166'),
(189, 'shareApp', '', '13797210777', '/product.php?id=9&phone=13797210777', '2015-01-21 20:27:02', '223.104.20.221, 101.226.114.166'),
(190, 'reg', '18507299888', '13797210777', NULL, '2015-01-21 20:37:09', '223.104.20.201, 101.226.125.108'),
(191, 'reg', '18507299888', '13797210777', NULL, '2015-01-21 20:41:08', '223.104.20.201, 101.226.125.108'),
(192, 'reg', '15668488888', '4001593366', NULL, '2015-01-21 20:43:08', '60.217.211.196'),
(193, 'reg', '13607294568', '13797210777', NULL, '2015-01-21 20:44:13', '223.104.20.221, 120.204.201.77'),
(194, 'reg', '13333443344', '4001593366', NULL, '2015-01-21 20:51:05', '183.145.163.121'),
(195, 'buy', '18857777777', '4001593366', 'product.php?id=', '2015-01-21 21:11:04', '183.145.163.121'),
(196, 'buy', '18857505991', '4001593366', 'product.php?id=', '2015-01-21 21:13:25', '36.16.2.125'),
(197, 'buy', '18857575555', '4001593366', 'product.php?id=', '2015-01-21 21:19:12', '36.16.2.125'),
(198, 'buy', '18855555555', '4001593366', 'product.php?id=', '2015-01-21 21:20:44', '36.16.2.125'),
(199, 'buy', '15454545454', '4001593366', 'product.php?id=', '2015-01-21 21:23:20', '36.16.2.125'),
(200, 'reg', '15669599666', '4001593366', NULL, '2015-01-21 21:27:56', '60.217.211.196'),
(201, 'buy', '15611111111', '4001593366', 'product.php?id=', '2015-01-21 21:38:15', '36.16.2.125'),
(202, 'buy', '15578787878', '4001593366', 'product.php?id=', '2015-01-21 21:45:16', '36.16.2.125'),
(203, 'buy', '13793189033', '4001593366', 'product.php?id=', '2015-01-21 21:53:51', '60.217.211.196'),
(204, 'reg', '13333345555', '4001593366', NULL, '2015-01-21 21:55:44', '183.145.163.121'),
(205, 'reg', '13333345555', '4001593366', NULL, '2015-01-21 21:56:58', '183.145.163.121'),
(206, 'reg', '13333345555', '4001593366', NULL, '2015-01-21 21:58:20', '183.145.163.121'),
(207, 'buy', '13972667222', '13797210777', 'product.php?id=', '2015-01-21 23:15:42', '58.55.94.51'),
(208, 'buy', '13972667222', '13797210777', 'product.php?id=', '2015-01-21 23:28:03', '58.55.94.51, 101.226.114.166'),
(209, 'reg', '13972667222', '13797210777', NULL, '2015-01-21 23:30:10', '58.55.94.51, 101.226.114.166'),
(210, 'exit', '13972667222', '', NULL, '2015-01-21 23:30:42', '58.55.94.51, 101.226.114.166'),
(211, 'login', '13797210777', '13972667222', NULL, '2015-01-21 23:31:00', '58.55.94.51, 101.226.114.166'),
(212, 'shareTimeline', '', '13797210777', '/article.php?id=29&phone=13797210777', '2015-01-21 23:57:27', '58.55.94.51, 101.226.114.166'),
(213, 'shareApp', '', '13797210777', '/article.php?id=29&phone=13797210777', '2015-01-21 23:58:18', '58.55.94.51, 101.226.114.166'),
(214, 'shareTimeline', '', '13797210777', '/article.php?id=29&phone=13797210777', '2015-01-22 08:27:48', '171.40.187.46, 101.226.114.166'),
(215, 'login', '13797210777', '13797210777', NULL, '2015-01-22 08:31:27', '171.40.187.46, 101.226.114.166'),
(216, 'buy', '13972667222', '13797210777', 'product.php?id=', '2015-01-22 08:36:46', '171.40.187.46, 101.226.114.166'),
(217, 'shareApp', '', '13797210777', '/index.php?phone=13797210777', '2015-01-22 11:54:46', '223.104.20.232, 101.226.114.166'),
(218, 'shareApp', '', '13797210777', '/index.php?phone=13797210777&from=singlemessage&isappinstalled=0', '2015-01-22 14:09:47', '171.40.97.182'),
(219, 'shareApp', '', '13797210777', '/index.php?phone=13797210777&from=singlemessage&isappinstalled=0', '2015-01-22 14:10:15', '171.40.97.182'),
(220, 'login', '4001593366', '4001593366', NULL, '2015-01-22 14:33:53', '115.231.197.54'),
(221, 'shareApp', '', '13797210777', '/index.php?phone=13797210777&from=singlemessage&isappinstalled=0', '2015-01-22 15:37:44', '223.104.20.36'),
(222, 'shareApp', '', '13797210777', '/index.php?phone=13797210777&from=singlemessage&isappinstalled=0', '2015-01-22 15:47:39', '113.57.182.180, 101.226.61.184'),
(223, 'shareApp', '', '13797210777', '/index.php?phone=13797210777&from=singlemessage&isappinstalled=0', '2015-01-22 16:05:28', '113.57.182.180, 101.226.61.184'),
(224, 'shareApp', '', '13797210777', '/index.php?phone=13797210777&from=singlemessage&isappinstalled=0', '2015-01-22 16:08:09', '10.176.94.171, 211.137.69.234'),
(225, 'shareApp', '', '4001593366', '/index.php?phone=4001593366', '2015-01-22 16:38:04', '36.16.12.100'),
(226, 'shareTimeline', '', '4001593366', '/index.php?phone=4001593366', '2015-01-22 16:41:15', '36.16.12.100'),
(227, 'shareTimeline', '', '4001593366', '/article.php?id=26&phone=4001593366', '2015-01-22 16:41:37', '36.16.12.100'),
(228, 'shareTimeline', '', '4001593366', '/article.php?id=21&phone=4001593366', '2015-01-22 16:42:25', '124.133.113.29'),
(229, 'shareApp', '', '13797210777', '/product.php?id=13&phone=13797210777', '2015-01-22 17:25:06', '171.40.187.46, 180.153.201.35'),
(230, 'shareApp', '', '13797210777', '/article.php?id=29&phone=13797210777', '2015-01-22 17:29:38', '171.40.187.46, 180.153.201.35'),
(231, 'login', '13797210777', '13797210777', NULL, '2015-01-22 17:33:56', '171.40.187.46, 180.153.201.35'),
(232, 'shareApp', '', '13797210777', '/index.php?phone=13797210777', '2015-01-22 18:12:09', '171.40.187.46, 180.153.201.35'),
(233, 'shareApp', '', '13797210777', '/article.php?id=2&phone=13797210777', '2015-01-22 18:13:07', '171.40.187.46, 180.153.201.35'),
(234, 'login', '4001593366', '4001593366', NULL, '2015-01-22 19:43:52', '183.145.163.121'),
(235, 'login', '4001593366', '4001593366', NULL, '2015-01-22 19:46:37', '183.145.163.121'),
(236, 'shareApp', '', '13797210777', '/index.php?phone=13797210777', '2015-01-22 20:26:51', '223.104.20.231, 180.153.201.35'),
(237, 'reg', '18507299888', '13797210777', NULL, '2015-01-22 20:29:13', '223.104.20.223, 101.226.125.113'),
(238, 'reg', '13971971000', '13797210777', NULL, '2015-01-22 20:30:55', '117.136.74.170'),
(239, 'buy', '13797210777', '13797210777', 'product.php?id=', '2015-01-22 20:32:38', '223.104.20.231, 180.153.201.35'),
(240, 'shareApp', '', '13797210777', '/index.php?phone=13797210777', '2015-01-22 20:38:27', '223.104.20.231, 180.153.201.35'),
(241, 'buy', '15668488747', '4001593366', 'product.php?id=', '2015-01-22 20:39:53', '124.133.113.29'),
(242, 'login', '13971971000', '13797210777', NULL, '2015-01-22 20:40:05', '117.136.74.170'),
(243, 'login', '13971971000', '13797210777', NULL, '2015-01-22 20:47:53', '117.136.74.170'),
(244, 'shareTimeline', '', '4001593366', '/index.php?phone=4001593366', '2015-01-22 20:51:25', '124.133.113.29'),
(245, 'shareApp', '', '4001593366', '/index.php?phone=4001593366&from=timeline&isappinstalled=0', '2015-01-22 20:51:48', '124.133.113.29'),
(246, 'shareApp', '', '4001593366', '/index.php?phone=4001593366&from=timeline&isappinstalled=0', '2015-01-22 20:51:51', '124.133.113.29'),
(247, 'shareApp', '', '13797210777', '/index.php?phone=13797210777&from=singlemessage&isappinstalled=0', '2015-01-22 20:51:58', '113.57.244.108'),
(248, 'shareApp', '', '4001593366', '/index.php?phone=4001593366', '2015-01-22 20:55:16', '183.145.163.121'),
(249, 'shareApp', '', '4001593366', '/product.php?id=13&phone=4001593366', '2015-01-22 20:55:35', '183.145.163.121'),
(250, 'login', '13971971000', '13797210777', NULL, '2015-01-22 20:58:02', '117.136.74.170'),
(251, 'login', '18507299888', '13797210777', NULL, '2015-01-22 20:58:54', '223.104.20.223, 101.226.125.113'),
(252, 'login', '18507299888', '13797210777', NULL, '2015-01-22 21:03:43', '223.104.20.223, 101.226.125.113'),
(253, 'login', '4001593366', '13797210777', NULL, '2015-01-22 21:47:39', '223.104.20.231, 180.153.201.35'),
(254, 'shareApp', '', '4001593366', '/index.php?phone=4001593366', '2015-01-22 21:52:47', '124.133.113.29'),
(255, 'shareTimeline', '', '4001593366', '/index.php?phone=4001593366', '2015-01-22 21:52:56', '124.133.113.29'),
(256, 'shareApp', '', '4001593366', '/index.php?phone=4001593366&from=singlemessage&isappinstalled=0', '2015-01-22 21:54:08', '223.104.20.231, 120.204.201.77'),
(257, 'shareApp', '', '4001593366', '/index.php?phone=4001593366&from=singlemessage&isappinstalled=0', '2015-01-22 21:54:43', '171.40.97.182'),
(258, 'reg', '13971977388', '4001593366', NULL, '2015-01-22 21:57:04', '171.40.97.182'),
(259, 'shareApp', '', '13971977388', '/index.php?phone=13971977388', '2015-01-22 21:57:44', '171.40.97.182'),
(260, 'login', '13971971000', '13797210777', NULL, '2015-01-22 21:57:51', '171.40.97.182'),
(261, 'shareApp', '', '13971971000', '/index.php?phone=13971971000', '2015-01-22 21:58:08', '171.40.97.182'),
(262, 'shareApp', '', '13971977388', '/index.php?phone=13971977388&from=singlemessage&isappinstalled=0', '2015-01-22 21:58:39', '223.104.20.231, 180.153.201.35'),
(263, 'shareApp', '', '13971977388', '/index.php?phone=13971977388&from=singlemessage&isappinstalled=0', '2015-01-22 21:58:55', '171.40.97.182'),
(264, 'shareApp', '', '13971977388', '/index.php?phone=13971977388&from=singlemessage&isappinstalled=0', '2015-01-22 22:01:44', '171.40.97.182'),
(265, 'login', '13971971000', '4001593366', NULL, '2015-01-22 22:01:56', '171.40.97.182'),
(266, 'shareApp', '', '13971971000', '/index.php?phone=13971971000', '2015-01-22 22:02:03', '171.40.97.182'),
(267, 'shareApp', '', '13971977388', '/index.php?phone=13971977388&from=singlemessage&isappinstalled=0', '2015-01-22 22:02:28', '171.40.97.182'),
(268, 'login', '13797210777', '13971977388', NULL, '2015-01-22 22:02:55', '223.104.20.231, 180.153.201.35'),
(269, 'shareTimeline', '', '13971977388', '/index.php?phone=13971977388', '2015-01-22 22:04:47', '171.40.97.182'),
(270, 'login', '13971971000', '4001593366', NULL, '2015-01-22 22:04:51', '171.40.97.182'),
(271, 'exit', '13971971000', '', NULL, '2015-01-22 22:05:11', '171.40.97.182'),
(272, 'shareApp', '', '13971971000', '/index.php?phone=13971971000', '2015-01-22 22:05:22', '171.40.97.182'),
(273, 'login', '13793189033', '4001593366', NULL, '2015-01-22 22:05:59', '124.133.113.29'),
(274, 'shareApp', '', '13793189033', '/index.php?phone=13793189033&from=timeline&isappinstalled=0', '2015-01-22 22:06:02', '124.133.113.29'),
(275, 'login', '13971971000', '4001593366', NULL, '2015-01-22 22:06:31', '171.40.97.182'),
(276, 'shareApp', '', '13971971000', '/index.php?phone=13971971000&from=message&isappinstalled=0', '2015-01-22 22:07:00', '171.40.97.182'),
(277, 'shareApp', '', '13971971000', '/index.php?phone=13971971000&from=singlemessage&isappinstalled=0', '2015-01-22 22:07:36', '223.104.20.231, 180.153.201.35'),
(278, 'shareApp', '', '13971971000', '/index.php?phone=13971971000&from=singlemessage&isappinstalled=0', '2015-01-22 22:08:24', '171.40.97.182'),
(279, 'exit', '13797210777', '', NULL, '2015-01-22 22:08:25', '223.104.20.231, 180.153.201.35'),
(280, 'shareApp', '', '13797210777', '/index.php?phone=13797210777&from=singlemessage&isappinstalled=0', '2015-01-22 22:11:14', '113.57.244.108, 101.226.61.189'),
(281, 'login', '13971971000', '13971971000', NULL, '2015-01-22 22:12:32', '117.136.74.170'),
(282, 'exit', '4001593366', '', NULL, '2015-01-22 22:13:51', '183.145.163.121'),
(283, 'reg', '18857505991', '4001593366', NULL, '2015-01-22 22:14:20', '183.145.163.121'),
(284, 'login', '18857505991', '4001593366', NULL, '2015-01-22 22:16:16', '36.16.12.128'),
(285, 'shareApp', '', '18857505991', '/index.php?phone=18857505991', '2015-01-22 22:16:48', '36.16.12.128'),
(286, 'exit', '18857505991', '', NULL, '2015-01-22 22:18:49', '36.16.12.128'),
(287, 'reg', '15342506988', '13971977388', NULL, '2015-01-22 22:25:58', '119.103.176.105'),
(288, 'shareTimeline', '', '15342506988', '/member.php?preview=1&phone=15342506988', '2015-01-22 22:27:48', '119.103.176.105'),
(289, 'login', '13793189033', '4001593366', NULL, '2015-01-22 22:28:27', '124.133.113.29'),
(290, 'shareTimeline', '', '13971977388', '/index.php?phone=13971977388&from=timeline&isappinstalled=0', '2015-01-22 22:29:47', '27.23.39.201'),
(291, 'login', '13793189033', '4001593366', NULL, '2015-01-22 22:30:44', '124.133.113.29'),
(292, 'login', '13793189033', '4001593366', NULL, '2015-01-22 22:31:56', '124.133.113.29'),
(293, 'login', '13793189033', '4001593366', NULL, '2015-01-22 22:32:25', '124.133.113.29'),
(294, 'login', '13793189033', '4001593366', NULL, '2015-01-22 22:34:50', '124.133.113.29'),
(295, 'shareTimeline', '', '13793189033', '/index.php?phone=13793189033&from=timeline&isappinstalled=0', '2015-01-22 22:35:05', '124.133.113.29'),
(296, 'login', '13793189033', '13793189033', NULL, '2015-01-22 22:37:11', '124.133.113.29'),
(297, 'shareApp', '', '13797210777', '/index.php?phone=13797210777&from=singlemessage&isappinstalled=0', '2015-01-22 22:38:46', '119.79.122.220'),
(298, 'shareApp', '', '13797210777', '/index.php?phone=13797210777&from=singlemessage&isappinstalled=0', '2015-01-22 22:38:54', '119.79.122.220'),
(299, 'reg', '13971963319', '13971977388', NULL, '2015-01-22 22:39:44', '58.19.133.95'),
(300, 'shareTimeline', '', '18857505991', '/article.php?id=23&phone=18857505991', '2015-01-22 23:10:08', '183.145.163.121'),
(301, 'shareTimeline', '', '18857505991', '/product.php?id=3&phone=18857505991', '2015-01-22 23:17:31', '183.145.163.121'),
(302, 'shareTimeline', '', '18857505991', '/article.php?id=21&phone=18857505991', '2015-01-22 23:17:47', '183.145.163.121'),
(303, 'login', '13797210777', '13797210777', NULL, '2015-01-22 23:37:41', '223.104.20.231, 180.153.201.35'),
(304, 'reg', '13797178157', '13971977388', NULL, '2015-01-22 23:41:55', '122.191.80.193'),
(305, 'shareTimeline', '', '13797178157', '/index.php?phone=13797178157&from=timeline&isappinstalled=0', '2015-01-22 23:42:23', '122.191.80.193'),
(306, 'reg', '13871859788', '13797210777', NULL, '2015-01-22 23:50:10', '171.40.25.210'),
(307, 'shareTimeline', '', '13871859788', '/member.php?preview=1&phone=13871859788', '2015-01-22 23:51:14', '171.40.25.210'),
(308, 'shareTimeline', '', '15342506988', '/index.php?phone=15342506988&from=timeline&isappinstalled=0', '2015-01-22 23:54:41', '221.233.209.211'),
(309, 'reg', '13508694585', '13971977388', NULL, '2015-01-23 02:35:29', '58.55.83.82'),
(310, 'login', '13508694585', '13971977388', NULL, '2015-01-23 02:38:02', '58.55.83.82'),
(311, 'shareApp', '', '13508694585', '/member.php?preview=1&phone=13508694585', '2015-01-23 02:39:50', '58.55.83.82'),
(312, 'shareTimeline', '', '13508694585', '/index.php?phone=13508694585', '2015-01-23 02:40:43', '58.55.83.82'),
(313, 'shareApp', '', '13508694585', '/index.php?phone=13508694585', '2015-01-23 02:41:05', '58.55.83.82'),
(314, 'login', '13797210777', '13797210777', NULL, '2015-01-23 08:35:31', '171.40.187.46, 180.153.201.35'),
(315, 'buy', '13972667222', '13797210777', 'product.php?id=', '2015-01-23 09:22:01', '171.40.187.46, 180.153.201.35'),
(316, 'shareTimeline', '', '13971977388', '/index.php?phone=13971977388&from=timeline&isappinstalled=0', '2015-01-23 10:20:27', '171.40.97.182'),
(317, 'shareApp', '', '13797210777', '/article.php?id=42&phone=13797210777', '2015-01-23 11:22:29', '223.104.20.197, 183.61.32.57'),
(318, 'shareTimeline', '', '13971977388', '/article.php?id=44&phone=13971977388', '2015-01-23 11:55:51', '117.136.5.110'),
(319, 'shareApp', '', '13971971000', '/index.php?phone=13971971000&from=singlemessage&isappinstalled=0', '2015-01-23 12:24:40', '223.104.20.209'),
(320, 'shareApp', '', '13971971000', '/index.php?phone=13971971000&from=singlemessage&isappinstalled=0', '2015-01-23 12:25:02', '223.104.20.209'),
(321, 'shareApp', '', '13971971000', '/index.php?phone=13971971000&from=singlemessage&isappinstalled=0', '2015-01-23 12:25:18', '223.104.20.209'),
(322, 'shareApp', '', '13971971000', '/index.php?phone=13971971000&from=singlemessage&isappinstalled=0', '2015-01-23 12:25:28', '223.104.20.209'),
(323, 'shareApp', '', '13971971000', '/index.php?phone=13971971000&from=singlemessage&isappinstalled=0', '2015-01-23 12:25:59', '223.104.20.209'),
(324, 'shareApp', '', '13971971000', '/index.php?phone=13971971000&from=singlemessage&isappinstalled=0', '2015-01-23 12:26:20', '223.104.20.209'),
(325, 'shareApp', '', '13971971000', '/index.php?phone=13971971000&from=singlemessage&isappinstalled=0', '2015-01-23 12:26:41', '223.104.20.209'),
(326, 'shareApp', '', '13971971000', '/index.php?phone=13971971000&from=singlemessage&isappinstalled=0', '2015-01-23 12:27:08', '223.104.20.209'),
(327, 'shareApp', '', '13971971000', '/index.php?phone=13971971000&from=singlemessage&isappinstalled=0', '2015-01-23 12:27:23', '223.104.20.209'),
(328, 'shareTimeline', '', '15342506988', '/index.php?phone=15342506988&from=timeline&isappinstalled=0', '2015-01-23 13:22:05', '211.91.176.42'),
(329, 'login', '18727488555', '13797210777', NULL, '2015-01-23 13:29:46', '223.104.20.202'),
(330, 'shareTimeline', '', '18727488555', '/article.php?id=45&phone=18727488555', '2015-01-23 13:30:15', '223.104.20.202'),
(331, 'login', '18727488555', '13797210777', NULL, '2015-01-23 13:35:24', '223.104.20.202'),
(332, 'shareApp', '', '18727488555', '/index.php?phone=18727488555&from=singlemessage&isappinstalled=0', '2015-01-23 13:35:33', '223.104.20.202'),
(333, 'shareTimeline', '', '18727488555', '/article.php?id=45&phone=18727488555', '2015-01-23 13:35:58', '223.104.20.202'),
(334, 'login', '13971963319', '18727488555', NULL, '2015-01-23 14:29:50', '223.104.20.229'),
(335, 'shareApp', '', '13797210777', '/article.php?id=48&phone=13797210777', '2015-01-23 14:43:06', '223.104.20.228, 183.61.32.57'),
(336, 'shareApp', '', '13797178157', '/index.php?phone=13797178157&from=timeline&isappinstalled=0', '2015-01-23 15:02:31', '27.29.228.46'),
(337, 'shareTimeline', '', '13797178157', '/index.php?phone=13797178157&from=timeline&isappinstalled=0', '2015-01-23 15:08:56', '27.29.228.46'),
(338, 'shareTimeline', '', '13797178157', '/index.php?phone=13797178157&from=timeline&isappinstalled=0', '2015-01-23 15:12:58', '59.175.106.91'),
(339, 'shareTimeline', '', '13797178157', '/index.php?phone=13797178157&from=timeline&isappinstalled=0', '2015-01-23 15:27:47', '122.188.130.225'),
(340, 'shareTimeline', '', '13797210777', '/article.php?id=48&phone=13797210777&from=singlemessage&isappinstalled=0', '2015-01-23 15:40:28', '119.103.176.39'),
(341, 'reg', '13554120111', '13797178157', NULL, '2015-01-23 15:42:01', '59.175.106.91'),
(342, 'login', '13554120111', '13797178157', NULL, '2015-01-23 15:44:54', '59.175.106.91'),
(343, 'shareTimeline', '', '13554120111', '/index.php?phone=13554120111&from=timeline&isappinstalled=0', '2015-01-23 15:45:04', '59.175.106.91'),
(344, 'reg', '18007294360', '13797178157', NULL, '2015-01-23 15:45:41', '171.42.116.228'),
(345, 'shareTimeline', '', '18007294360', '/index.php?phone=18007294360&from=timeline&isappinstalled=0', '2015-01-23 15:46:00', '171.42.116.228'),
(346, 'shareTimeline', '', '13554120111', '/index.php?phone=13554120111&from=timeline&isappinstalled=0', '2015-01-23 15:46:23', '59.175.106.91'),
(347, 'shareTimeline', '', '13554120111', '/index.php?phone=13554120111&from=timeline&isappinstalled=0', '2015-01-23 15:51:59', '59.175.106.91'),
(348, 'reg', '13720279601', '13554120111', NULL, '2015-01-23 15:53:49', '59.175.106.91'),
(349, 'shareTimeline', '', '13720279601', '/index.php?phone=13720279601&from=timeline&isappinstalled=0', '2015-01-23 15:54:19', '59.175.106.91'),
(350, 'reg', '18871862824', '13554120111', NULL, '2015-01-23 15:55:17', '59.175.106.91'),
(351, 'reg', '15926814522', '13797178157', NULL, '2015-01-23 15:58:49', '111.178.11.154, 101.226.125.108'),
(352, 'login', '18871862824', '13554120111', NULL, '2015-01-23 16:00:09', '59.175.106.91'),
(353, 'shareTimeline', '', '13797178157', '/index.php?phone=13797178157&from=timeline&isappinstalled=0', '2015-01-23 16:04:37', '223.104.20.235'),
(354, 'login', '18871862824', '13554120111', NULL, '2015-01-23 16:08:15', '59.175.106.91'),
(355, 'shareTimeline', '', '18871862824', '/index.php?phone=18871862824', '2015-01-23 16:08:40', '59.175.106.91'),
(356, 'login', '13554120111', '13554120111', NULL, '2015-01-23 16:08:53', '59.175.106.91'),
(357, 'shareTimeline', '', '18871862824', '/index.php?phone=18871862824', '2015-01-23 16:08:57', '59.175.106.91'),
(358, 'exit', '18871862824', '', NULL, '2015-01-23 16:14:17', '59.175.106.91'),
(359, 'login', '13720279601', '18871862824', NULL, '2015-01-23 16:15:58', '59.175.106.91'),
(360, 'login', '13720279601', '18871862824', NULL, '2015-01-23 16:19:04', '59.175.106.91'),
(361, 'shareApp', '', '13720279601', '/member.php?preview=1&phone=13720279601', '2015-01-23 16:20:48', '59.175.106.91'),
(362, 'reg', '13437108169', '18871862824', NULL, '2015-01-23 16:21:26', '59.175.106.91, 101.226.114.166'),
(363, 'shareApp', '', '13437108169', '/member.php?preview=1&phone=13437108169', '2015-01-23 16:21:37', '59.175.106.91, 101.226.114.166'),
(364, 'shareTimeline', '', '13720279601', '/index.php?phone=13720279601', '2015-01-23 16:26:25', '59.175.106.91'),
(365, 'shareTimeline', '', '13437108169', '/member.php?preview=1&phone=13437108169', '2015-01-23 16:31:43', '59.175.106.91, 101.226.114.166'),
(366, 'login', '13720279601', '13720279601', NULL, '2015-01-23 16:34:26', '59.175.106.91'),
(367, 'login', '13437108169', '13437108169', NULL, '2015-01-23 16:34:37', '59.175.106.91, 101.226.114.166'),
(368, 'login', '18871862824', '18871862824', NULL, '2015-01-23 16:37:47', '59.175.106.91'),
(369, 'login', '18871862824', '18871862824', NULL, '2015-01-23 16:41:26', '59.175.106.91'),
(370, 'shareApp', '', '13797210777', '/article.php?id=48&phone=13797210777', '2015-01-23 17:07:48', '223.104.20.222, 183.61.32.57'),
(371, 'shareApp', '', '13797210777', '/index.php?phone=13797210777', '2015-01-23 17:08:55', '223.104.20.222, 183.61.32.57'),
(372, 'shareTimeline', '', '18871862824', '/index.php?phone=18871862824&from=timeline&isappinstalled=0', '2015-01-23 17:14:17', '180.90.109.105'),
(373, 'login', '15926814522', '18007294360', NULL, '2015-01-23 17:36:55', '124.156.67.12, 101.226.125.108'),
(374, 'login', '15926814522', '18007294360', NULL, '2015-01-23 17:45:29', '124.156.67.12, 117.135.170.67'),
(375, 'login', '15926814522', '18007294360', NULL, '2015-01-23 17:48:19', '124.156.67.12, 101.226.125.108'),
(376, 'exit', '15926814522', '', NULL, '2015-01-23 17:53:07', '124.156.67.12, 101.226.125.108'),
(377, 'login', '15926814522', '18007294360', NULL, '2015-01-23 17:56:14', '124.156.67.12, 117.135.170.67'),
(378, 'shareApp', '', '13797210777', '/index.php?phone=13797210777&from=singlemessage&isappinstalled=0', '2015-01-23 20:59:53', '117.136.74.156'),
(379, 'shareApp', '', '18727488555', '/article.php?id=45&phone=18727488555&from=timeline&isappinstalled=0', '2015-01-23 22:30:10', '27.23.3.102'),
(380, 'shareApp', '', '13797210777', '/article.php?id=48&phone=13797210777', '2015-01-24 11:05:21', '223.104.20.222, 180.153.201.35'),
(381, 'shareApp', '', '13797210777', '/index.php?phone=13797210777&from=singlemessage&isappinstalled=0', '2015-01-24 11:19:25', '171.40.97.182, 101.226.61.189'),
(382, 'reg', '13886354868', '13797210777', NULL, '2015-01-24 11:27:11', '171.40.97.182, 101.226.61.189'),
(383, 'shareApp', '', '13797210777', '/article.php?id=51&phone=13797210777', '2015-01-24 13:00:25', '223.104.20.222, 180.153.201.35'),
(384, 'shareApp', '', '13797210777', '/index.php?phone=13797210777&from=singlemessage&isappinstalled=0', '2015-01-24 14:31:16', '113.57.183.183, 101.226.61.189'),
(385, 'shareApp', '', '13797210777', '/article.php?id=21&phone=13797210777', '2015-01-24 16:53:28', '117.136.74.182, 180.153.201.35'),
(386, 'shareApp', '', '13797210777', '/article.php?id=51&phone=13797210777', '2015-01-24 16:56:03', '117.136.74.182, 180.153.201.35'),
(387, 'reg', '15342246161', '13797210777', NULL, '2015-01-24 16:58:35', '119.103.178.43'),
(388, 'login', '13797210777', '13797210777', NULL, '2015-01-24 16:59:10', '117.136.74.182, 180.153.201.35'),
(389, 'shareApp', '', '13797210777', '/member.php?preview=1&phone=13797210777', '2015-01-24 17:06:48', '117.136.74.182, 120.204.201.77'),
(390, 'shareApp', '', '13797210777', '/article.php?id=48&phone=13797210777', '2015-01-24 17:07:15', '117.136.74.182, 180.153.201.35'),
(391, 'buy', '13871092249', '13797210777', 'product.php?id=', '2015-01-25 09:26:17', '117.151.43.192'),
(392, 'shareTimeline', '', '18727488555', '/article.php?id=57&phone=18727488555', '2015-01-25 09:31:29', '223.104.20.205'),
(393, 'shareTimeline', '', '18727488555', '/article.php?id=57&phone=18727488555', '2015-01-25 09:31:49', '223.104.20.205'),
(394, 'reg', '13871092249', '13797210777', NULL, '2015-01-25 09:35:41', '117.151.43.192'),
(395, 'login', '13871092249', '13797210777', NULL, '2015-01-25 10:04:16', '117.151.43.192'),
(396, 'shareApp', '', '13797210777', '/article.php?id=54&phone=13797210777', '2015-01-25 10:33:42', '223.104.20.229'),
(397, 'shareTimeline', '', '18727488555', '/article.php?id=55&phone=18727488555', '2015-01-25 11:29:33', '223.104.20.205'),
(398, 'login', '13797210777', '13797210777', NULL, '2015-01-25 14:34:56', '223.104.20.229, 183.61.32.57'),
(399, 'shareApp', '', '13797210777', '/article.php?id=54&phone=13797210777', '2015-01-25 14:37:34', '223.104.20.229, 183.61.32.57'),
(400, 'shareApp', '', '18727488555', '/article.php?id=57&phone=18727488555&from=timeline&isappinstalled=0', '2015-01-25 14:37:41', '171.42.113.138'),
(401, 'shareApp', '', '13797210777', '/article.php?id=54&phone=13797210777&from=singlemessage&isappinstalled=0', '2015-01-25 15:30:31', '27.23.56.255'),
(402, 'shareApp', '', '13797210777', '/article.php?id=54&phone=13797210777', '2015-01-25 17:21:01', '223.104.20.229, 183.61.32.57'),
(403, 'login', '13797210777', '13797210777', NULL, '2015-01-25 17:24:59', '223.104.20.229, 163.177.69.59'),
(404, 'shareApp', '', '18727488555', '/index.php?phone=18727488555&from=singlemessage&isappinstalled=0', '2015-01-25 21:22:14', '27.29.226.68'),
(405, 'shareApp', '', '18727488555', '/index.php?phone=18727488555&from=singlemessage&isappinstalled=0', '2015-01-25 21:22:24', '27.29.226.68'),
(406, 'shareApp', '', '18727488555', '/index.php?phone=18727488555&from=singlemessage&isappinstalled=0', '2015-01-25 21:22:40', '27.29.226.68'),
(407, 'shareApp', '', '18727488555', '/index.php?phone=18727488555&from=singlemessage&isappinstalled=0', '2015-01-25 21:23:12', '27.29.226.68'),
(408, 'reg', '18871293831', '18727488555', NULL, '2015-01-25 21:24:02', '27.29.226.68, 140.207.118.16'),
(409, 'shareTimeline', '', '18727488555', '/index.php?phone=18727488555&from=singlemessage&isappinstalled=0', '2015-01-25 21:24:04', '27.29.226.68, 101.226.61.189'),
(410, 'shareTimeline', '', '18871293831', '/product.php?id=13&phone=18871293831', '2015-01-25 21:24:53', '27.29.226.68, 101.226.114.166'),
(411, 'shareApp', '', '13871859788', '/member.php?preview=1&phone=13871859788&from=timeline&isappinstalled=0', '2015-01-25 21:26:17', '27.29.226.68'),
(412, 'reg', '13871885437', '18727488555', NULL, '2015-01-25 21:36:21', '27.29.226.68'),
(413, 'shareTimeline', '', '13871885437', '/index.php?phone=13871885437&from=singlemessage&isappinstalled=0', '2015-01-25 21:36:59', '27.29.226.68'),
(414, 'reg', '13807294033', '18727488555', NULL, '2015-01-25 21:40:24', '27.29.226.68, 27.115.124.46'),
(415, 'shareTimeline', '', '13807294033', '/index.php?phone=13807294033&from=timeline&isappinstalled=0', '2015-01-25 21:41:41', '27.29.226.68'),
(416, 'reg', '15007149052', '18727488555', NULL, '2015-01-25 21:46:44', '27.29.226.68'),
(417, 'shareTimeline', '', '15007149052', '/index.php?phone=15007149052&from=timeline&isappinstalled=0', '2015-01-25 21:48:25', '27.29.226.68'),
(418, 'shareApp', '', '13797210777', '/index.php?phone=13797210777', '2015-01-25 22:59:22', '117.136.74.151, 123.151.12.154'),
(419, 'shareApp', '', '13797210777', '/index.php?phone=13797210777&from=singlemessage&isappinstalled=0', '2015-01-25 22:59:52', '59.172.202.132'),
(420, 'login', '13797210777', '18727488555', NULL, '2015-01-26 13:06:38', '223.104.20.224, 123.151.12.154'),
(421, 'shareApp', '', '13797210777', '/product.php?id=1&phone=13797210777', '2015-01-26 13:11:25', '223.104.20.224, 123.151.12.154'),
(422, 'login', '18727488555', '13797210777', NULL, '2015-01-26 18:28:34', '27.29.226.68'),
(423, 'shareTimeline', '', '18727488555', '/article.php?id=55&phone=18727488555&from=timeline&isappinstalled=0', '2015-01-26 20:27:50', '117.136.74.130'),
(424, 'login', '13797210777', '13797210777', NULL, '2015-01-27 12:42:52', '117.136.74.181, 123.151.12.154'),
(425, 'login', '13886354868', '13797210777', NULL, '2015-01-27 12:46:20', '113.57.182.17, 101.226.61.189'),
(426, 'login', '13886354868', '13797210777', NULL, '2015-01-27 13:00:04', '113.57.247.88, 101.226.61.189'),
(427, 'reg', '13707290111', '4001593366', NULL, '2015-01-27 13:25:03', '223.104.20.208'),
(428, 'shareApp', '', '13707290111', '/index.php?phone=13707290111', '2015-01-27 13:25:09', '223.104.20.208'),
(429, 'login', '13886354868', '4001593366', NULL, '2015-01-27 14:05:54', '113.57.247.88, 101.226.61.189'),
(430, 'login', '13797210777', '4001593366', NULL, '2015-01-27 16:08:22', '117.136.74.181, 180.153.201.35'),
(431, 'login', '13886354868', '4001593366', NULL, '2015-01-27 16:09:27', '113.57.247.212, 101.226.61.189'),
(432, 'login', '13797210777', '4001593366', NULL, '2015-01-27 18:24:31', '117.136.74.181, 123.151.12.154'),
(433, 'login', '13886354868', '4001593366', NULL, '2015-01-27 19:45:06', '113.57.182.167'),
(434, 'shareApp', '', '13886354868', '/index.php?phone=13886354868', '2015-01-27 20:06:47', '113.57.182.167, 101.226.61.189'),
(435, 'reg', '18645041825', '13886354868', NULL, '2015-01-27 20:07:56', '111.178.94.136'),
(436, 'shareTimeline', '', '18727488555', '/article.php?id=57&phone=18727488555&from=timeline&isappinstalled=0', '2015-01-27 20:56:22', '223.104.20.202'),
(437, 'reg', '15623089279', '13797210777', NULL, '2015-01-27 21:23:44', '111.172.61.249'),
(438, 'shareApp', '', '15623089279', '/index.php?phone=15623089279', '2015-01-27 21:24:37', '111.172.61.249'),
(439, 'shareApp', '', '13797210777', '/article.php?id=54&phone=13797210777&from=singlemessage&isappinstalled=0', '2015-01-28 08:51:57', '221.233.208.115, 101.226.61.186'),
(440, 'shareApp', '', '13797210777', '/index.php?phone=13797210777', '2015-01-28 10:51:47', '221.233.208.115, 101.226.61.186'),
(441, 'shareApp', '', '13797210777', '/article.php?id=21&phone=13797210777', '2015-01-28 11:00:23', '223.104.20.210, 180.153.201.35'),
(442, 'shareApp', '', '13797210777', '/article.php?id=54&phone=13797210777', '2015-01-28 11:00:42', '223.104.20.210, 123.151.12.154'),
(443, 'login', '13797210777', '13797210777', NULL, '2015-01-28 11:01:27', '223.104.20.210, 123.151.12.154'),
(444, 'shareApp', '', '13797210777', '/article.php?id=54&phone=13797210777', '2015-01-28 11:26:55', '223.104.20.210, 125.39.210.27'),
(445, 'login', '18645041825', '4001593366', NULL, '2015-01-28 12:23:54', '122.191.80.143'),
(446, 'shareApp', '', '13797210777', '/article.php?id=20&phone=13797210777', '2015-01-28 16:01:55', '117.136.74.175, 180.153.201.35'),
(447, 'shareApp', '', '13797210777', '/article.php?id=54&phone=13797210777', '2015-01-28 16:04:28', '117.136.74.175, 180.153.201.35'),
(448, 'login', '13797210777', '13797210777', NULL, '2015-01-28 16:04:49', '117.136.74.175, 180.153.201.35'),
(449, 'reg', '18702772869', '13797210777', NULL, '2015-01-28 16:37:47', '117.136.81.123, 111.161.57.49'),
(450, 'shareApp', '', '13797210777', '/index.php?phone=13797210777', '2015-01-28 16:45:16', '117.136.74.175, 180.153.201.35'),
(451, 'shareApp', '', '13797210777', '/article.php?id=48&phone=13797210777', '2015-01-28 18:22:14', '117.136.74.175, 180.153.201.35'),
(452, 'login', '13797210777', '13797210777', NULL, '2015-01-28 18:25:41', '117.136.74.175, 180.153.201.35'),
(453, 'login', '13797210777', '4001593366', NULL, '2015-01-28 22:37:03', '117.136.74.175, 180.153.201.35'),
(454, 'shareApp', '', '13797210777', '/article.php?id=54&phone=13797210777', '2015-01-28 22:39:51', '117.136.74.175, 180.153.201.35'),
(455, 'buy', '13972667222', '13797210777', 'product.php?id=', '2015-01-28 22:42:19', '117.136.74.175, 180.153.201.35'),
(456, 'shareApp', '', '13797210777', '/article.php?id=55&phone=13797210777', '2015-01-29 10:48:30', '117.136.74.175, 180.153.201.35'),
(457, 'login', '13797210777', '13797210777', NULL, '2015-01-29 10:49:01', '117.136.74.175, 180.153.201.35');
INSERT INTO `logs` (`id`, `action`, `phone`, `referer`, `url`, `dtime`, `ip`) VALUES
(458, 'shareApp', '', '13797210777', '/article.php?id=55&phone=13797210777&from=singlemessage&isappinstalled=0', '2015-01-29 11:28:05', '223.104.20.206, 101.226.61.184'),
(459, 'shareApp', '', '4001593366', '/article.php?id=2&phone=4001593366', '2015-01-29 11:32:32', '113.57.246.208, 27.115.124.45'),
(460, 'login', '13797210777', '4001593366', NULL, '2015-01-29 16:25:54', '117.136.81.65, 123.151.12.154'),
(461, 'login', '13508694585', '', NULL, '2015-05-24 21:58:41', '192.168.8.114'),
(462, 'exit', '13508694585', '', NULL, '2015-05-24 22:02:49', '192.168.8.114'),
(463, 'login', '13508694585', '', NULL, '2015-05-24 22:03:03', '192.168.8.114'),
(464, 'exit', '13508694585', '', NULL, '2015-05-24 22:03:07', '192.168.8.114');

-- --------------------------------------------------------

--
-- 表的结构 `members`
--

CREATE TABLE IF NOT EXISTS `members` (
  `id` int(11) NOT NULL AUTO_INCREMENT,
  `role` varchar(25) DEFAULT NULL COMMENT '角色',
  `name` varchar(255) NOT NULL COMMENT '姓名',
  `pass` varchar(266) DEFAULT NULL COMMENT '密码',
  `phone` varchar(255) DEFAULT NULL COMMENT '电话',
  `weixin` varchar(255) DEFAULT NULL COMMENT '微信',
  `photo` varchar(255) DEFAULT NULL COMMENT '照片',
  `shopName` text COMMENT '微店名称',
  `geyan` varchar(255) DEFAULT NULL COMMENT '格言',
  `content` text COMMENT '空间',
  `referer` varchar(255) DEFAULT NULL COMMENT '推荐者',
  `dtime` datetime NOT NULL COMMENT '时间',
  `ip` varchar(255) DEFAULT NULL COMMENT 'IP',
  PRIMARY KEY (`id`)
) ENGINE=MyISAM  DEFAULT CHARSET=utf8 COMMENT='会员' AUTO_INCREMENT=3 ;

--
-- 转存表中的数据 `members`
--

INSERT INTO `members` (`id`, `role`, `name`, `pass`, `phone`, `weixin`, `photo`, `shopName`, `geyan`, `content`, `referer`, `dtime`, `ip`) VALUES
(1, 'manager', 'manager', '13300000000', '13300000000', '', NULL, NULL, NULL, NULL, NULL, '2015-05-24 00:00:00', NULL),
(2, '', '杨吉明', '18857505991', '18857505991', NULL, NULL, NULL, NULL, NULL, NULL, '2015-05-24 22:29:28', NULL);

-- --------------------------------------------------------

--
-- 表的结构 `menu`
--

CREATE TABLE IF NOT EXISTS `menu` (
  `id` int(11) NOT NULL AUTO_INCREMENT,
  `gname` varchar(255) NOT NULL COMMENT '组名',
  `name` varchar(255) NOT NULL COMMENT '菜单名',
  `link` varchar(255) NOT NULL COMMENT '链接',
  PRIMARY KEY (`id`)
) ENGINE=MyISAM  DEFAULT CHARSET=utf8 COMMENT='菜单' AUTO_INCREMENT=7 ;

--
-- 转存表中的数据 `menu`
--

INSERT INTO `menu` (`id`, `gname`, `name`, `link`) VALUES
(1, '首页', '园区情况', 'article.php?id=1'),
(2, '首页', '园区情况', 'article.php?id=1'),
(3, '首页', '园区情况3', 'single.php?id=3'),
(4, '内页', '园区情况2', 'article.php?id=1'),
(5, '内页', '园区情况2', 'article.php?id=1'),
(6, '内页', '园区情况2', 'article.php?id=1');

-- --------------------------------------------------------

--
-- 表的结构 `news`
--

CREATE TABLE IF NOT EXISTS `news` (
  `id` int(11) NOT NULL AUTO_INCREMENT,
  `channelID` int(11) NOT NULL COMMENT '频道',
  `title` varchar(266) NOT NULL COMMENT '标题',
  `shortTitle` varchar(255) DEFAULT NULL COMMENT '短标题',
  `des` text COMMENT '摘要',
  `content` text COMMENT '正文',
  `dtime` datetime DEFAULT NULL COMMENT '时间',
  `related` varchar(266) DEFAULT NULL COMMENT '相关',
  `picture` varchar(266) DEFAULT NULL COMMENT '图片',
  PRIMARY KEY (`id`)
) ENGINE=MyISAM  DEFAULT CHARSET=utf8 COMMENT='文章' AUTO_INCREMENT=2 ;

--
-- 转存表中的数据 `news`
--

INSERT INTO `news` (`id`, `channelID`, `title`, `shortTitle`, `des`, `content`, `dtime`, `related`, `picture`) VALUES
(1, 1, '测试测试测试', '', '', '<p>测试测试测试</p><p>测试测试测试</p>', '2015-05-24 22:32:22', '', '');

-- --------------------------------------------------------

--
-- 表的结构 `orders`
--

CREATE TABLE IF NOT EXISTS `orders` (
  `id` int(11) NOT NULL AUTO_INCREMENT,
  `name` varchar(266) NOT NULL COMMENT '姓名',
  `phone` varchar(266) DEFAULT NULL COMMENT '电话',
  `province` varchar(266) DEFAULT NULL COMMENT '省份',
  `city` varchar(266) DEFAULT NULL COMMENT '城市',
  `county` varchar(255) DEFAULT NULL COMMENT '区镇',
  `address` varchar(266) DEFAULT NULL COMMENT '地址',
  `num` int(11) DEFAULT NULL COMMENT '数量',
  `remark` text COMMENT '备注',
  `sku` varchar(255) DEFAULT NULL COMMENT '属性',
  `productID` int(11) NOT NULL COMMENT '商品ID',
  `pname` varchar(255) NOT NULL COMMENT '商品名称',
  `price` double NOT NULL COMMENT '价格',
  `discount` int(11) NOT NULL COMMENT '折扣',
  `total` double NOT NULL COMMENT '实付',
  `referer` varchar(266) DEFAULT NULL COMMENT '推荐者',
  `payment` varchar(255) DEFAULT NULL COMMENT '支付方式',
  `status` varchar(255) DEFAULT NULL COMMENT '状态',
  `wuliu` varchar(1024) DEFAULT NULL COMMENT '物流',
  `comment` varchar(266) DEFAULT NULL COMMENT '评价',
  `orderNO` varchar(255) DEFAULT NULL COMMENT '订单号',
  `dtime` datetime DEFAULT NULL COMMENT '时间',
  `ip` varchar(255) DEFAULT NULL COMMENT 'IP',
  PRIMARY KEY (`id`)
) ENGINE=MyISAM  DEFAULT CHARSET=utf8 COMMENT='订单' AUTO_INCREMENT=25 ;

--
-- 转存表中的数据 `orders`
--

INSERT INTO `orders` (`id`, `name`, `phone`, `province`, `city`, `county`, `address`, `num`, `remark`, `sku`, `productID`, `pname`, `price`, `discount`, `total`, `referer`, `payment`, `status`, `wuliu`, `comment`, `orderNO`, `dtime`, `ip`) VALUES
(23, '夏军', '13871092249', '湖北省', '武汉市', '洪山区', '辽', 1, '', '', 1, '安吉白茶', 380, 0, 380, '13797210777', '未选择', '等待用户支付', '', '', 'CYFWX1422149177', '2015-01-25 09:26:17', '117.151.43.192'),
(24, '滕艳', '13972667222', '湖北省', '孝感市', '云梦县', '曲阳东路2号', 1, '', '', 3, '快客杯', 80, 0, 80, '13797210777', '微信支付', '已付款', '', '', 'CYFWX1422456139', '2015-01-28 22:42:19', '117.136.74.175, 180.153.201.35');

-- --------------------------------------------------------

--
-- 表的结构 `shop_cat`
--

CREATE TABLE IF NOT EXISTS `shop_cat` (
  `id` int(11) NOT NULL AUTO_INCREMENT,
  `name` varchar(266) DEFAULT NULL COMMENT '名称',
  `picture` varchar(266) DEFAULT NULL COMMENT '图片',
  PRIMARY KEY (`id`)
) ENGINE=MyISAM  DEFAULT CHARSET=utf8 COMMENT='商品分类' AUTO_INCREMENT=8 ;

--
-- 转存表中的数据 `shop_cat`
--

INSERT INTO `shop_cat` (`id`, `name`, `picture`) VALUES
(1, '茶叶', '7090_chaye.jpg'),
(2, '茶具', '9629_chaju.jpg'),
(3, '茶点', '7405_chadian.jpg'),
(4, '茶艺', '5680_chayi.jpg'),
(5, '香道', '7575_xiangdao.jpg'),
(6, '文玩', '4032_shouchuan.jpg'),
(7, '特推', '3792_0.jpg');

-- --------------------------------------------------------

--
-- 表的结构 `shop_product`
--

CREATE TABLE IF NOT EXISTS `shop_product` (
  `id` int(11) NOT NULL AUTO_INCREMENT,
  `catID` int(11) NOT NULL COMMENT '分类',
  `name` varchar(266) NOT NULL COMMENT '名称',
  `price` double DEFAULT NULL COMMENT '价格',
  `picture` varchar(266) DEFAULT NULL COMMENT '图片',
  `des` text COMMENT '摘要',
  `attr` text COMMENT '属性',
  `content` text COMMENT '详情',
  `related` varchar(266) DEFAULT NULL COMMENT '相关',
  `news` varchar(266) DEFAULT NULL COMMENT '新闻',
  `dtime` datetime DEFAULT NULL COMMENT '时间',
  PRIMARY KEY (`id`)
) ENGINE=MyISAM  DEFAULT CHARSET=utf8 COMMENT='商品' AUTO_INCREMENT=19 ;

--
-- 转存表中的数据 `shop_product`
--

INSERT INTO `shop_product` (`id`, `catID`, `name`, `price`, `picture`, `des`, `attr`, `content`, `related`, `news`, `dtime`) VALUES
(1, 1, '安吉白茶', 380, '7065_安吉白茶.jpg', '<p>规格：125克<br style="color: rgb(102, 102, 102); font-family: &#39;Microsoft Yahei&#39;, Verdana, Arial, Helvetica, sans-serif; font-size: 14px; line-height: 22px; white-space: normal; word-spacing: 10px; background-color: rgb(255, 255, 255);"/>价格：380元<br/></p>', '红色', '<p style="text-align: center;"><img src="/uploads/1422005099474493.jpg" style="" title="1422005099474493.jpg"/></p><p style="text-align: center;"><img src="/uploads/1422005103397675.jpg" style="" title="1422005103397675.jpg"/></p><p style="text-align: center;"><img src="/uploads/1422005106400178.jpg" style="" title="1422005106400178.jpg"/></p><p style="text-align: center;"><img src="/uploads/1422005110878491.jpg" style="" title="1422005110878491.jpg"/></p><p style="text-align: center;"><img src="/uploads/1422005113294147.jpg" style="" title="1422005113294147.jpg"/></p><p style="text-align: center;"><img src="/uploads/1422005119473675.jpg" style="" title="1422005119473675.jpg"/></p><p style="text-align: center;"><img src="/uploads/1422005123850701.jpg" style="" title="1422005123850701.jpg"/></p><p style="text-align: center;"><img src="/uploads/1422005126352147.jpg" style="" title="1422005126352147.jpg"/></p><p style="text-align: center;"><img src="/uploads/1422005130252739.jpg" style="" title="1422005130252739.jpg"/></p><p style="text-align: center;"><img src="/uploads/1422005132256909.jpg" style="" title="1422005132256909.jpg"/></p><p style="text-align: center;"><img src="/uploads/1422005135272298.jpg" style="" title="1422005135272298.jpg"/></p><p style="text-align: center;"><img src="/uploads/1422005140839877.jpg" style="" title="1422005140839877.jpg"/></p><p style="text-align: center;"><img src="/uploads/1422005145218174.jpg" style="" title="1422005145218174.jpg"/></p><p style="text-align: center;"><img src="/uploads/1422005149271132.jpg" style="" title="1422005149271132.jpg"/></p><p style="text-align: center;"><img src="/uploads/1422005154579757.jpg" style="" title="1422005154579757.jpg"/></p><p><br/></p>', '', '', '2015-01-14 21:51:24'),
(13, 7, '茶顾问年卡', 1000, '3446_茶顾问.jpg', '茶意坊微信营销系统顾问', '', '<p>1，分享茶意坊微营销系统任何内容到微信朋友圈，每次佣金一元（可兑换平台任何商品）。</p><p>2，分享到微信后，有朋友注册时，每注册一人佣金五元（可兑换平台任何商品）。</p><p>3，在本人名下销售茶意坊微营销平台上任何商品（包括茶顾问年卡），按30%提成给本人。</p><p>2，在本人名下再注册的茶顾问，销售茶意坊微营销平台任何商品（包括茶顾问年卡），按10%提成给本人。</p>', '', '', '2015-01-22 14:19:39'),
(11, 6, '檀木手串', 1800, '7401_shouchuan.jpg', '', '', '檀木手串', '', '', '2015-01-21 02:29:14'),
(10, 5, '香道三件套', 1800, '3983_xiangdao.jpg', '', '', '真馨香堂香道三件套', '', '', '2015-01-21 02:25:48'),
(9, 1, '方便茶', 180, '4935_方便茶.jpg', '', '', '<p style="text-align: center"><img src="/uploads/1422003727323303.jpg" style="" title="1422003727323303.jpg"/></p><p style="text-align: center"><img src="/uploads/1422003731925457.jpg" style="" title="1422003731925457.jpg"/><img src="/uploads/1422003734277814.jpg" title="1422003734277814.jpg"/><img src="/uploads/1422003738320935.jpg" title="1422003738320935.jpg"/><img src="/uploads/1422003742945980.jpg" title="1422003742945980.jpg"/><img src="/uploads/1422003746653219.jpg" title="1422003746653219.jpg"/><img src="/uploads/1422003750790169.jpg" title="1422003750790169.jpg"/><img src="/uploads/1422003754955997.jpg" title="1422003754955997.jpg"/><img src="/uploads/1422003759991071.jpg" title="1422003759991071.jpg"/></p><p><br/></p>', '', '', '2015-01-18 20:35:59'),
(3, 2, '快客杯', 80, '3876_快客杯.jpg', '<p>规格：150毫升 &nbsp;价格：80元</p>', '', '', '', '', '2015-01-16 14:00:46'),
(5, 4, '初级茶艺师培训', 1280, '6595_茶艺培训-1.jpg', '', '', '', '', '', '2015-01-16 14:14:58'),
(4, 3, '茶点盒', 0.01, '8800_chadian.jpg', '产品编号：17256\r\n规格：150毫升\r\n价格：￥1050', '', '<p>产品编号：17256\n规格：150毫升&nbsp;</p>', '', '', '2015-01-16 14:01:51'),
(18, 2, '自在杯', 0, '7728_自在杯_03.jpg', '', '', '<p style="text-align: center;"><img src="/uploads/1422008256461734.jpg" style="" title="1422008256461734.jpg"/><img src="/uploads/1422008259729949.jpg" title="1422008259729949.jpg"/><img src="/uploads/1422008262634478.jpg" title="1422008262634478.jpg"/><img src="/uploads/1422008265148769.jpg" title="1422008265148769.jpg"/><img src="/uploads/1422008268596579.jpg" title="1422008268596579.jpg"/><img src="/uploads/1422008275126555.jpg" title="1422008275126555.jpg"/><img src="/uploads/1422008280988049.jpg" title="1422008280988049.jpg"/><img src="/uploads/1422008284221207.jpg" title="1422008284221207.jpg"/><img src="/uploads/1422008287219649.jpg" title="1422008287219649.jpg"/><img src="/uploads/1422008291602007.jpg" title="1422008291602007.jpg"/><img src="/uploads/1422008295874509.jpg" title="1422008295874509.jpg"/></p><p><br/></p>', '', '', '2015-01-23 16:42:59'),
(14, 1, '龙峡龙井', 528, '299_龙峡龙井_05_02.jpg', '<p>规格：125克 &nbsp;价格：528元<br/></p>', '', '<p style="text-align: center"><img src="/uploads/1421912023535710.jpg" style="" title="1421912023535710.jpg"/></p><p style="text-align: center"><img src="http://shop.chayifang.com/uploads/1421912024567388.jpg" title="1421912024567388.jpg" style="text-align: center; white-space: normal;"/><img src="http://shop.chayifang.com/uploads/1421912028495842.jpg" title="1421912028495842.jpg" style="text-align: center; white-space: normal;"/><img src="/uploads/1421912024929264.jpg" style="" title="1421912024929264.jpg"/><img src="/uploads/1421912024902527.jpg" title="1421912024902527.jpg"/><img src="http://shop.chayifang.com/uploads/1421912026964902.jpg" title="1421912026964902.jpg" style="text-align: center; white-space: normal;"/></p><p style="text-align: center"><img src="/uploads/1421912026535027.jpg" style="" title="1421912026535027.jpg"/><img src="http://shop.chayifang.com/uploads/1421912028782585.jpg" title="1421912028782585.jpg" style="text-align: center; white-space: normal;"/><img src="/uploads/1421912027268794.jpg" title="1421912027268794.jpg"/><img src="/uploads/1421912028886575.jpg" title="1421912028886575.jpg"/><img src="/uploads/1421912029873885.jpg" title="1421912029873885.jpg"/><img src="/uploads/1421912030768389.jpg" title="1421912030768389.jpg"/><img src="http://shop.chayifang.com/uploads/1421912029270897.jpg" title="1421912029270897.jpg" style="text-align: center; white-space: normal;"/></p><p style="text-align: center"><img src="/uploads/1421912030430048.jpg" style="" title="1421912030430048.jpg"/></p><p><br/></p>', '', '', '2015-01-22 15:32:35'),
(15, 2, '紫砂', 600, '6137_紫砂_01_02.jpg', '', '', '<p style="text-align: center;"><img src="/uploads/1422008607815616.jpg" style="" title="1422008607815616.jpg"/><img src="/uploads/1422008612544457.jpg" title="1422008612544457.jpg"/><img src="/uploads/1422008615455771.jpg" title="1422008615455771.jpg"/></p><p style="text-align: center;"><img src="/uploads/1422008899154682.jpg" title="1422008899154682.jpg" alt="紫砂_04.jpg"/><img src="/uploads/1422008622274039.jpg" title="1422008622274039.jpg"/></p><p style="text-align: center;"><img src="/uploads/1422008626249607.jpg" style="" title="1422008626249607.jpg"/></p><p style="text-align: center;"><img src="/uploads/1422008630442968.jpg" style="" title="1422008630442968.jpg"/></p><p style="text-align: center;"><img src="/uploads/1422008633726015.jpg" style="" title="1422008633726015.jpg"/></p><p style="text-align: center;"><img src="/uploads/1422008637868559.jpg" style="" title="1422008637868559.jpg"/></p><p style="text-align: center;"><img src="/uploads/1422008640586854.jpg" style="" title="1422008640586854.jpg"/></p><p><br/></p>', '', '', '2015-01-22 15:44:36'),
(16, 1, '十大名茶', 500, '7084_十大名茶简_03.jpg', '', '', '<p style="text-align: center;"><img src="/uploads/1421914120513972.jpg" style="" title="1421914120513972.jpg"/></p><p style="text-align: center;"><img src="/uploads/1421914124931668.jpg" style="" title="1421914124931668.jpg"/></p><p style="text-align: center;"><img src="/uploads/1421914127442772.jpg" style="" title="1421914127442772.jpg"/></p><p style="text-align: center;"><img src="/uploads/1421914131162829.jpg" style="" title="1421914131162829.jpg"/></p><p style="text-align: center;"><img src="/uploads/1421914135360202.jpg" style="" title="1421914135360202.jpg"/></p><p style="text-align: center;"><img src="/uploads/1421914141250980.jpg" style="" title="1421914141250980.jpg"/></p><p style="text-align: center;"><img src="/uploads/1421914148297752.jpg" style="" title="1421914148297752.jpg"/></p><p style="text-align: center;"><img src="/uploads/1421914156735370.jpg" title="1421914156735370.jpg"/><img src="http://shop.chayifang.com/uploads/1421914155598215.jpg" title="1421914155598215.jpg" style="white-space: normal;"/></p><p style="text-align: center;"><img src="/uploads/1421914157829747.jpg" title="1421914157829747.jpg"/><img src="http://shop.chayifang.com/uploads/1421914157311768.jpg" title="1421914157311768.jpg" style="white-space: normal;"/><img src="http://shop.chayifang.com/uploads/1421914159973998.jpg" title="1421914159973998.jpg" style="white-space: normal;"/></p><p style="text-align: center;"><img src="/uploads/1421914158599575.jpg" style="" title="1421914158599575.jpg"/></p><p style="text-align: center;"><img src="/uploads/1421914158522895.jpg" style="" title="1421914158522895.jpg"/></p><p style="text-align: center;"><img src="/uploads/1421914159970544.jpg" title="1421914159970544.jpg"/></p><p style="text-align: center;"><img src="/uploads/1421914160416833.jpg" style="" title="1421914160416833.jpg"/></p><p style="text-align: center;"><img src="/uploads/1421914160599956.jpg" style="" title="1421914160599956.jpg"/></p><p style="text-align: center;"><img src="/uploads/1421914169884611.jpg" style="" title="1421914169884611.jpg"/></p><p style="text-align: center;"><img src="/uploads/1421914173316840.jpg" style="" title="1421914173316840.jpg"/></p><p style="text-align: center;"><img src="/uploads/1421914177566155.jpg" style="" title="1421914177566155.jpg"/></p><p style="text-align: center;"><img src="/uploads/1421914180339167.jpg" style="" title="1421914180339167.jpg"/></p><p style="text-align: center;"><img src="/uploads/1421914187250630.jpg" style="" title="1421914187250630.jpg"/></p><p style="text-align: center;"><img src="/uploads/1421914191799477.jpg" style="" title="1421914191799477.jpg"/></p><p style="text-align: center;"><img src="/uploads/1421914215715669.jpg" style="" title="1421914215715669.jpg"/></p><p style="text-align: center;"><img src="/uploads/1421914219748529.jpg" style="" title="1421914219748529.jpg"/></p><p style="text-align: center;"><img src="/uploads/1421914224430671.jpg" style="" title="1421914224430671.jpg"/></p><p style="text-align: center;"><img src="/uploads/1421914235274752.jpg" style="" title="1421914235274752.jpg"/></p><p style="text-align: center;"><img src="/uploads/1421914239629808.jpg" style="" title="1421914239629808.jpg"/></p><p style="text-align: center;"><img src="/uploads/1421914242362007.jpg" style="" title="1421914242362007.jpg"/></p><p style="text-align: center;"><img src="/uploads/1421914248665454.jpg" style="" title="1421914248665454.jpg"/></p><p style="text-align: center;"><img src="/uploads/1421914253281977.jpg" style="" title="1421914253281977.jpg"/></p><p style="text-align: center;"><img src="/uploads/1421914259506130.jpg" style="" title="1421914259506130.jpg"/></p><p style="text-align: center;"><img src="/uploads/1421914262138662.jpg" style="" title="1421914262138662.jpg"/></p><p style="text-align: center;"><img src="/uploads/1421914266159930.jpg" style="" title="1421914266159930.jpg"/></p><p style="text-align: center;"><img src="/uploads/1421914269497064.jpg" style="" title="1421914269497064.jpg"/></p><p><br/></p>', '', '', '2015-01-22 15:47:01');

-- --------------------------------------------------------

--
-- 表的结构 `single`
--

CREATE TABLE IF NOT EXISTS `single` (
  `id` int(11) NOT NULL AUTO_INCREMENT,
  `name` varchar(255) DEFAULT NULL COMMENT '名称',
  `menu` varchar(255) NOT NULL COMMENT '菜单组名',
  `title` varchar(266) NOT NULL COMMENT '标题',
  `des` text COMMENT '摘要',
  `content` text COMMENT '详情',
  `dtime` datetime DEFAULT NULL COMMENT '时间',
  `related` varchar(266) DEFAULT NULL COMMENT '相关',
  `picture` varchar(266) DEFAULT NULL COMMENT '图片',
  PRIMARY KEY (`id`)
) ENGINE=MyISAM  DEFAULT CHARSET=utf8 COMMENT='单页' AUTO_INCREMENT=4 ;

--
-- 转存表中的数据 `single`
--

INSERT INTO `single` (`id`, `name`, `menu`, `title`, `des`, `content`, `dtime`, `related`, `picture`) VALUES
(1, '首页', '首页', '说明：首页内容', '<p><span style="font-family:宋体"><span style="font-size: 14px;">说明：首页中间部分</span></span></p>', '<style type="text/css">.abs2{\n	float:left;\n}\n.line{\n	overflow-x:hidden;\n}</style><p><img src="/uploads/1432476438111268.gif" width="640" title="1432476438111268.gif" alt="index_01.gif"/></p><p class="line clearfix"><a href="nlist1.php?id=1" target="_self"><img src="/uploads/1432472384785717.gif" height="179" width="396" title="1432472384785717.gif" alt="1432472384785717.gif" border="0" vspace="0" style="width: 396px; height: 179px; float: left;"/></a><a href="#" class="regLink" target="_self"><img src="images/index_03.gif" height="179" width="244"/></a></p><p class="line clearfix"><a class="abs2" id="a3" href="you.html"><img src="images/index_04.gif" height="187" width="232"/></a><a class="abs2" id="a4" href="bao.html"><img src="images/index_05.gif" height="187" width="408"/></a></p><p class="line clearfix"><a class="abs2" id="a5" href="you.html"><img src="images/index_06.gif" height="156" width="396"/></a><a class="abs2" id="a6 " href="bao.html"><img src="images/index_07.gif" height="156" width="244"/></a></p>', '0000-00-00 00:00:00', '', '6861_图片1.jpg'),
(2, '美团', '内页', '', '', '<p><a href="#" target="_self"><img src="images/meit.gif" alt="meit.gif"/></a></p>', '2015-05-24 22:54:56', '', ''),
(3, ' 参观', '内页', '', '', '<style>p.s2 img{display:block;}</style><p class="s2"><img src="images/zhi_01.gif" alt=""/></p><p class="s2"><a href="article.php?id=1"><img src="images/zhi_02.gif" alt=""/></a></p><p class="s2"><a href="#"><img src="images/zhi_03.gif" alt=""/></a></p><p class="s2"><a href="#"><img src="images/zhi_04.gif" alt=""/></a></p><p class="s2"><a href="#"><img src="images/zhi_05.gif" alt=""/></a></p><p class="s2"><a href="#"><img src="images/zhi_06.gif" alt=""/></a></p><p class="s2"><img src="images/zhi_07.gif" alt=""/></p>', '2015-05-24 22:59:48', '', '');
